{
  "theDefault:DefaultCommonAttack": {
    "NAME": "Strike",
    "DESCRIPTION": "Deal !D! Damage. NL [#0000ff]This[] [#ff0000]Is[] [#ffff00]How[] [#88888]color[] [#ff00ff]works.[]"
  },
  "theDefault:DefaultCommonSkill": {
    "NAME": "Defend",
    "DESCRIPTION": "Gain !B! Block. NL thedefault:Multiword_Keyword."
  },
  "theDefault:DefaultCommonPower": {
    "NAME": "Hold Place",
    "DESCRIPTION": "Gain !M! thedefault:Keyword.",
    "UPGRADE_DESCRIPTION": "Gain !M! thedefault:Keywords."
  },
  "theDefault:DefaultUncommonAttack": {
    "NAME": "Big slap",
    "DESCRIPTION": "Deal !D! Damage."
  },
  "theDefault:DefaultUncommonSkill": {
    "NAME": "A Better Defend",
    "DESCRIPTION": "Gain !B! Plated Armor. Affected by Dexterity."
  },
  "theDefault:DefaultUncommonPower": {
    "NAME": "Weirdness",
    "DESCRIPTION": "Gain X thedefault:Keywords.",
    "UPGRADE_DESCRIPTION": "Gain X +1 thedefault:Keywords."
  },
  "theDefault:DefaultRareAttack": {
    "NAME": "TOUCH",
    "DESCRIPTION": "Deal !D! Damage."
  },
  "theDefault:DefaultRareSkill": {
    "NAME": "For Each Loop x2",
    "DESCRIPTION": "Apply !M! vulnerable to all enemies, 2 times.",
    "UPGRADE_DESCRIPTION": "Apply !M! vulnerable to all enemies, 3 times."
  },
  "theDefault:DefaultRarePower": {
    "NAME": "In-Progress Form",
    "DESCRIPTION": "At the start of your turn, play a TOUCH."
  },
  "theDefault:DefaultAttackWithVariable": {
    "NAME": "Special Strike",
    "DESCRIPTION": "Deal !D! Damage [E] times. NL (Deal !theDefault:ENERGY_DAMAGE! damage total.)"
  },
  "theDefault:DefaultSecondMagicNumberSkill": {
    "NAME": "Cool 2 Number Card",
    "DESCRIPTION": "Apply !M! vulnerable and !theDefault:SecondMagic! poison to an enemy."
  },
  "theDefault:OrbSkill": {
    "NAME": "Get Orb",
    "DESCRIPTION": "Channel 1 Default Orb."
  }
}
