{
"skeleton": { "hash": "SfrHV8bwE55O0EbngF18vr4bQcs", "spine": "3.4.02", "width": 269.2, "height": 290.02, "images": "" },
"bones": [
	{ "name": "root", "scaleX": -1 },
	{ "name": "body", "parent": "root", "x": 1.36, "y": 127.77 },
	{ "name": "armleft", "parent": "body", "length": 65, "rotation": 149.21, "x": -27.94, "y": 41.39 },
	{ "name": "righthand", "parent": "root", "x": 99.91, "y": 170.65, "color": "ff3f00ff" },
	{ "name": "armright", "parent": "body", "length": 35, "rotation": 9.46, "x": 29.64, "y": 35.38 },
	{ "name": "forearmright", "parent": "armright", "length": 30, "rotation": 11.52, "x": 35.13, "y": -0.26 },
	{ "name": "legright", "parent": "body", "length": 83.89, "rotation": -90, "x": 17.14, "y": -28.67 },
	{ "name": "bandage", "parent": "legright", "x": 61.05, "y": 1.34 },
	{ "name": "flap", "parent": "bandage", "length": 6, "rotation": 39.12, "x": 0.51, "y": 2.22 },
	{ "name": "bone", "parent": "flap", "length": 4.66, "rotation": -14.75, "x": 5.75, "y": 0.13 },
	{ "name": "bone2", "parent": "bone", "length": 5.94, "rotation": 23.46, "x": 4.66 },
	{ "name": "bone3", "parent": "bone2", "length": 6.12, "rotation": 4.97, "x": 5.94 },
	{ "name": "bone4", "parent": "bone3", "length": 5.58, "rotation": 36.31, "x": 6.12 },
	{ "name": "fingersleft", "parent": "armleft", "x": 69.09, "y": 1.13 },
	{ "name": "fingersright", "parent": "forearmright", "rotation": -29.76, "x": 32.07, "y": 3.31 },
	{ "name": "head", "parent": "body", "x": -28.85, "y": 56.84 },
	{ "name": "legleft", "parent": "body", "length": 83.89, "rotation": -90, "x": -28.84, "y": -28.67 },
	{ "name": "shadow", "parent": "root", "x": 0.97, "y": 18.37 },
	{ "name": "shoulder", "parent": "body", "x": 24.51, "y": 29.77 },
	{ "name": "tailbone1", "parent": "body", "x": 27.77, "y": -55.12 },
	{ "name": "tailbone2", "parent": "tailbone1", "length": 56, "x": 14.62, "y": -14.21 },
	{ "name": "tailbone3", "parent": "tailbone2", "x": 42.63, "y": -0.41 },
	{ "name": "weaponleft", "parent": "armleft", "length": 70, "rotation": -37.59, "x": 58.42, "y": 8.08 },
	{ "name": "weaponright", "parent": "fingersright", "length": 70, "rotation": 98.38, "x": 2.18, "y": -10.79 },
	{ "name": "wingleft", "parent": "body", "rotation": 168.46, "x": -42.34, "y": 74.44 },
	{ "name": "wingright", "parent": "body", "rotation": 168.46, "x": 33.08, "y": 38.44 }
],
"slots": [
	{ "name": "images/shadow", "bone": "shadow", "attachment": "images/shadow" },
	{ "name": "images/legleft", "bone": "legleft", "attachment": "images/legleft" },
	{ "name": "images/legright", "bone": "legright", "attachment": "images/legright" },
	{ "name": "images/rightwing", "bone": "wingright", "attachment": "images/rightwing" },
	{ "name": "images/leftwing", "bone": "wingleft", "attachment": "images/leftwing" },
	{ "name": "images/armleft", "bone": "armleft", "attachment": "images/armleft" },
	{ "name": "images/body", "bone": "body", "attachment": "images/body" },
	{ "name": "images/weaponleft", "bone": "weaponleft", "attachment": "images/weaponleft" },
	{ "name": "images/fingersleft", "bone": "fingersleft", "attachment": "images/fingersleft" },
	{ "name": "images/armright", "bone": "armright", "attachment": "images/armright" },
	{ "name": "images/weaponright", "bone": "weaponright", "attachment": "images/weaponright" },
	{ "name": "images/fingersright", "bone": "fingersright", "attachment": "images/fingersright" },
	{ "name": "images/head", "bone": "head", "attachment": "images/head" },
	{ "name": "images/bandageflap", "bone": "flap", "attachment": "images/bandageflap" },
	{ "name": "images/bandage", "bone": "bandage", "attachment": "images/bandage" },
	{ "name": "images/shoulderright", "bone": "shoulder", "attachment": "images/shoulderright" },
	{ "name": "tail", "bone": "flap" }
],
"ik": [
	{
		"name": "righthand",
		"bones": [ "armright", "forearmright" ],
		"target": "righthand"
	}
],
"skins": {
	"default": {
		"images/armleft": {
			"images/armleft": { "x": 31.71, "y": 0.79, "rotation": -149.21, "width": 67, "height": 64 }
		},
		"images/armright": {
			"images/armright": {
				"type": "mesh",
				"uvs": [ 0, 0.53132, 0, 0.95218, 0.06105, 1, 0.17622, 0.99079, 0.21196, 0.92129, 0.33706, 0.88268, 0.43833, 0.91357, 0.54953, 0.8711, 0.64485, 0.77071, 0.76002, 0.65874, 0.87122, 0.58152, 0.95859, 0.51202, 1, 0.48113, 1, 0.2958, 0.92285, 0, 0.84342, 0.05641, 0.78186, 0.13749, 0.71037, 0.1761, 0.68456, 0.30738, 0.58726, 0.3653, 0.5118, 0.39618, 0.40656, 0.3846, 0.33507, 0.48885, 0.19607, 0.51588, 0.04119, 0.75527, 0.19607, 0.72824, 0.35096, 0.69735, 0.48003, 0.61627, 0.63293, 0.53132, 0.76995, 0.43479, 0.89107, 0.28807 ],
				"triangles": [ 20, 22, 21, 27, 20, 28, 27, 22, 20, 26, 22, 27, 23, 22, 26, 25, 0, 23, 25, 23, 26, 24, 0, 25, 7, 27, 8, 26, 27, 7, 5, 25, 26, 6, 5, 26, 7, 6, 26, 4, 25, 5, 24, 25, 4, 1, 0, 24, 1, 24, 4, 4, 2, 1, 3, 2, 4, 13, 30, 15, 16, 15, 30, 13, 15, 14, 17, 30, 18, 30, 17, 16, 29, 18, 30, 30, 13, 12, 11, 29, 30, 12, 11, 30, 29, 28, 19, 29, 19, 18, 20, 19, 28, 10, 29, 11, 9, 28, 29, 10, 9, 29, 8, 28, 9, 27, 28, 8 ],
				"vertices": [ 1, 4, -2.73, 8.92, 1, 1, 4, -5.21999, -6.02, 1, 1, 4, -1.29, -8.42, 1, 1, 4, 6.71, -9.42, 1, 1, 4, 9.59, -7.36, 1, 1, 4, 18.45, -7.43, 1, 2, 5, -11.55, -7.27, 0.0029, 4, 25.26, -9.68999, 0.99709, 2, 5, -3.73, -8.63, 0.21445, 4, 33.18999, -9.46, 0.78554, 2, 5, 3.78, -7.64, 0.83305, 4, 40.37, -7, 0.16694, 1, 5, 12.75, -6.76, 1, 1, 5, 21.02, -6.96, 1, 1, 5, 27.62, -6.81, 1, 1, 5, 30.73, -6.81, 1, 1, 5, 33.12, -0.58, 1, 1, 5, 31.89, 11.29, 1, 1, 5, 25.97, 11.38, 1, 1, 5, 20.9, 10.2, 1, 1, 5, 15.73, 10.69, 1, 1, 5, 12.35, 6.93, 1, 2, 5, 5.23999, 7.42, 0.86452, 4, 38.79, 8.05, 0.13547, 2, 5, -0.08, 8.27, 0.35251, 4, 33.4, 7.83, 0.64748, 2, 5, -6.8, 11.3, 0.01524, 4, 26.2, 9.45, 0.98475, 1, 4, 20.65, 6.57, 1, 1, 4, 10.89, 7.21, 1, 1, 4, -1.21, 0.49, 1, 1, 4, 9.63, -0.32, 1, 1, 4, 20.51, -1.01, 1, 1, 4, 29.9, 0.38, 1, 1, 5, 6.09, 0.69, 1, 1, 5, 16.29, 0.5, 1, 1, 5, 26.1, 2.4, 1 ],
				"hull": 24,
				"edges": [ 0, 2, 2, 4, 4, 6, 6, 8, 8, 10, 10, 12, 12, 14, 14, 16, 16, 18, 18, 20, 20, 22, 22, 24, 24, 26, 26, 28, 28, 30, 30, 32, 32, 34, 34, 36, 36, 38, 38, 40, 40, 42, 42, 44, 44, 46, 0, 46 ],
				"width": 70,
				"height": 36
			}
		},
		"images/bandage": {
			"images/bandage": { "rotation": 90, "width": 16, "height": 17 }
		},
		"images/bandageflap": {
			"images/bandageflap": {
				"type": "mesh",
				"uvs": [ 0.08928, 0, 0.18702, 0.09163, 0.31357, 0.25076, 0.45031, 0.37109, 0.60584, 0.45668, 0.79593, 0.54226, 0.92677, 0.60151, 1, 0.94953, 0.85349, 0.99998, 0.62806, 1, 0.41575, 0.96359, 0.23553, 0.82534, 0.07753, 0.66734, 0, 0.50276, 0, 0.04193, 0.8686, 0.77952, 0.76002, 0.76899, 0.67135, 0.72626, 0.50606, 0.7005, 0.36336, 0.60313, 0.24785, 0.50017, 0.09544, 0.36954 ],
				"triangles": [ 19, 12, 20, 19, 11, 12, 12, 13, 20, 13, 21, 20, 13, 14, 21, 20, 2, 3, 20, 21, 2, 21, 14, 1, 21, 1, 2, 1, 14, 0, 11, 19, 18, 18, 19, 4, 19, 3, 4, 19, 20, 3, 10, 18, 9, 10, 11, 18, 9, 18, 17, 17, 18, 4, 9, 16, 8, 9, 17, 16, 8, 15, 7, 8, 16, 15, 15, 6, 7, 15, 16, 6, 16, 5, 6, 16, 17, 5, 5, 17, 4 ],
				"vertices": [ 1, 8, -1.68, 4.67, 1, 1, 8, 1.55, 3.97, 1, 2, 9, -0.56, 2.38, 0.3674, 8, 5.81, 2.58999, 0.63259, 2, 10, 0.49, 2.71, 0.48548, 9, 4.03, 2.68, 0.5145, 2, 11, 1.76, 2.98, 0.8714, 10, 7.44, 3.12, 0.12859, 2, 12, 3.66, 3.14, 0.99492, 11, 9.81, 3.11, 0.00507, 1, 12, 7.83, 2.53, 1, 1, 12, 10.27, -1.58, 1, 1, 12, 5.61, -2.29, 1, 3, 12, -2.59999, -2.84, 0.01341, 11, 3.49, -2.82, 0.97666, 10, 9.66, -2.51, 0.00992, 3, 10, -0.8, -4.36, 0.50669, 9, 5.65, -4.32, 0.49006, 8, 10.12, -5.48, 0.00322, 3, 10, -6.52, -2.55, 6.8E-4, 9, -0.3, -4.94, 0.40141, 8, 4.19, -4.56, 0.59789, 2, 9, -5.7, -5.07, 7.7E-4, 8, -1.04999, -3.31, 0.99922, 1, 8, -3.76, -1.66, 1, 1, 8, -4.44999, 3.81, 1, 1, 12, 6.02, 0.35, 1, 1, 12, 2.54, 0.41, 1, 2, 12, -0.29, 0.94, 0.63735, 11, 5.83, 0.95, 0.36264, 2, 10, 0.68, -1.43, 0.76761, 9, 5.85, -1.04, 0.23238, 2, 9, 2.49, -0.93, 0.99847, 8, 7.92, -1.4, 0.00152, 2, 9, -1.39, -1.16999, 0.03471, 8, 4.1, -0.64, 0.96528, 1, 8, -0.93, 0.3, 1 ],
				"hull": 15,
				"edges": [ 0, 2, 2, 4, 4, 6, 6, 8, 8, 10, 10, 12, 12, 14, 14, 16, 16, 18, 18, 20, 20, 22, 22, 24, 24, 26, 26, 28, 0, 28 ],
				"width": 32,
				"height": 12
			}
		},
		"images/body": {
			"images/body": {
				"type": "mesh",
				"uvs": [ 0.09467, 0.69629, 0.27451, 0.11787, 0.51753, 0.0885, 0.69008, 0.1947, 0.75813, 0.46357, 0.76785, 0.75504, 0.77757, 0.82734, 0.83438, 0.83311, 0.9035, 0.84014, 1, 0.84994, 1, 0.93128, 0.86992, 0.99002, 0.72896, 0.99906, 0.65544, 0.95574, 0.55642, 0.89739, 0.36443, 0.94032, 0.26479, 0.87027, 0.17973, 0.9245, 0.0728, 0.79797, 0.92824, 0.90416, 0.81645, 0.90642, 0.69008, 0.89287, 0.65363, 0.81831, 0.46205, 0.82742, 0.22494, 0.76181, 0.2506, 0.61775, 0.3065, 0.34077, 0.41682, 0.22817, 0.5703, 0.251, 0.59391, 0.39105, 0.59635, 0.52846, 0.60084, 0.67488, 0.4385, 0.66771, 0.43167, 0.51678, 0.27826, 0.50517 ],
				"triangles": [ 13, 21, 12, 12, 20, 11, 12, 21, 20, 11, 19, 10, 11, 20, 19, 8, 20, 7, 20, 8, 19, 13, 14, 21, 15, 23, 14, 15, 16, 23, 19, 9, 10, 17, 24, 16, 17, 18, 24, 21, 6, 20, 20, 6, 7, 19, 8, 9, 14, 22, 21, 14, 23, 22, 21, 22, 6, 23, 16, 24, 23, 24, 32, 32, 25, 33, 33, 25, 34, 24, 25, 32, 23, 31, 22, 23, 32, 31, 22, 5, 6, 22, 31, 5, 18, 0, 24, 24, 0, 25, 31, 4, 5, 25, 0, 34, 32, 30, 31, 31, 30, 4, 32, 33, 30, 0, 1, 26, 0, 26, 34, 33, 29, 30, 30, 29, 4, 34, 26, 33, 33, 26, 29, 29, 27, 28, 27, 29, 26, 29, 3, 4, 29, 28, 3, 26, 1, 27, 27, 2, 28, 28, 2, 3, 27, 1, 2 ],
				"vertices": [ 2, 19, -90.41, 15.88, 0.58739, 1, -62.63, -39.23, 0.4126, 2, 19, -63.65, 124.26, 0, 1, -35.87, 69.12999, 0.99999, 2, 19, -22.06, 131.13, 0, 1, 5.71, 76.01, 1, 2, 19, 8.27, 112.52, 5.9E-4, 1, 36.05, 57.4, 0.9994, 2, 19, 21.9, 63.24, 0.21085, 1, 49.68, 8.12, 0.78914, 4, 20, 13.31, 23.86, 0.36727, 19, 27.94, 9.64999, 0.53884, 1, 55.72, -45.47, 0.06481, 21, -28.9, 27.21, 0.02906, 4, 20, 16.54999, 10.69, 0.70312, 19, 31.18, -3.51, 0.10125, 1, 58.96, -58.64, 0.00394, 21, -25.66, 14.03, 0.19166, 3, 20, 26.59, 10.26, 0.49438, 19, 41.22, -3.94, 0.01135, 21, -15.62, 13.61, 0.49425, 2, 20, 38.54, 9.72, 0.1547, 21, -3.67, 13.07, 0.84529, 1, 21, 12.99, 12.3, 1, 1, 21, 13.93, -2.71, 1, 2, 20, 34.54, -18.31, 0.39927, 21, -7.67, -14.96, 0.60072, 2, 20, 10.49, -21.5, 0.82809, 21, -31.72, -18.16, 0.1719, 3, 20, -2.74, -14.29, 0.91458, 19, 11.88, -28.5, 0.04151, 21, -44.96, -10.95, 0.04389, 3, 20, -21.53, -4.42, 0.21756, 19, -6.9, -18.62999, 0.77389, 1, 20.87, -73.75, 0.00854, 2, 19, -40.91999, -27.9, 0.89189, 1, -13.15, -83.01999, 0.1081, 2, 19, -59.3, -15.45, 0.78289, 1, -31.52, -70.57, 0.2171, 2, 19, -73.75, -25.96, 0.74537, 1, -45.97, -81.08, 0.25461, 2, 19, -93.29, -3.16, 0.67692, 1, -65.51, -58.29, 0.32306, 1, 21, 1.29999, 1.51, 1, 3, 20, 24.42, -3.45, 0.62559, 19, 39.05, -17.66, 0.00104, 21, -17.79, -0.11, 0.37334, 1, 20, 2.22, -2.31, 1, 2, 20, -5.46, 11.09, 0.5526, 19, 9.16, -3.11, 0.44739, 3, 20, -39.47, 8.06, 0.00227, 19, -24.84, -6.14, 0.90854, 1, 2.93, -61.26, 0.08918, 2, 19, -67.03, 4.52, 0.70499, 1, -39.25, -50.59, 0.29499, 2, 19, -63.78, 31.4, 0.3936, 1, -36, -23.71, 0.60639, 2, 19, -56.37, 83.1, 0.00594, 1, -28.59, 27.98, 0.99405, 1, 1, -10.51, 49.51, 1, 1, 1, 15.94, 46.25, 1, 2, 19, -6.75, 75.62, 0.03019, 1, 21.01, 20.49, 0.9698, 2, 19, -4.62, 50.18, 0.27306, 1, 23.15, -4.94, 0.72693, 2, 19, -2.01, 23.08, 0.76517, 1, 25.76, -32.03, 0.23482, 2, 19, -30.46, 23.35, 0.5507, 1, -2.68, -31.76, 0.44929, 2, 19, -33.09999, 51.28, 0.02267, 1, -5.32, -3.83, 0.97732, 2, 19, -59.91, 52.45, 0.17881, 1, -32.13, -2.67, 0.82118 ],
				"hull": 19,
				"edges": [ 0, 2, 2, 4, 4, 6, 6, 8, 8, 10, 10, 12, 18, 20, 20, 22, 22, 24, 28, 30, 30, 32, 32, 34, 34, 36, 0, 36, 16, 18, 24, 26, 26, 28, 12, 14, 14, 16 ],
				"width": 172,
				"height": 185
			}
		},
		"images/fingersleft": {
			"images/fingersleft": { "rotation": -149.21, "width": 18, "height": 24 }
		},
		"images/fingersright": {
			"images/fingersright": { "x": 0.24, "y": -0.81, "rotation": -9.46, "width": 24, "height": 22 }
		},
		"images/head": {
			"images/head": { "width": 75, "height": 70 }
		},
		"images/leftwing": {
			"images/leftwing": { "x": 8.61, "y": 23.3, "rotation": -168.46, "width": 92, "height": 102 }
		},
		"images/legleft": {
			"images/legleft": { "x": 41.66, "rotation": 90, "width": 20, "height": 79 }
		},
		"images/legright": {
			"images/legright": { "x": 56.59, "rotation": 90, "width": 19, "height": 50 }
		},
		"images/rightwing": {
			"images/rightwing": { "x": -47.8, "y": -6.04, "rotation": -168.46, "width": 148, "height": 102 }
		},
		"images/shadow": {
			"images/shadow": { "width": 200, "height": 21 }
		},
		"images/shoulderright": {
			"images/shoulderright": { "width": 24, "height": 24 }
		},
		"images/weaponleft": {
			"images/weaponleft": { "x": 48.55, "y": -9.86, "rotation": -111.61, "width": 44, "height": 114 }
		},
		"images/weaponright": {
			"images/weaponright": { "x": 50.91, "y": 4.65, "rotation": -107.85, "width": 57, "height": 109 }
		}
	}
},
"animations": {
	"rally": {
		"bones": {
			"head": {
				"rotate": [
					{
						"time": 0,
						"angle": -15.7,
						"curve": [ 0.25, 0, 0.75, 1 ]
					},
					{
						"time": 1.6666,
						"angle": -13.73,
						"curve": [ 0.25, 0, 0.75, 1 ]
					},
					{
						"time": 3.2666,
						"angle": -15.7,
						"curve": [ 0.25, 0, 0.75, 1 ]
					},
					{
						"time": 4.9333,
						"angle": -13.73,
						"curve": [ 0.25, 0, 0.75, 1 ]
					},
					{ "time": 6.5333, "angle": -15.7 }
				],
				"translate": [
					{
						"time": 0,
						"x": 0,
						"y": 0,
						"curve": [ 0.25, 0, 0.75, 1 ]
					},
					{
						"time": 0.8,
						"x": 0,
						"y": 2.05,
						"curve": [ 0.25, 0, 0.75, 1 ]
					},
					{
						"time": 1.6666,
						"x": 0,
						"y": 0,
						"curve": [ 0.25, 0, 0.75, 1 ]
					},
					{
						"time": 2.5,
						"x": 0,
						"y": 2.05,
						"curve": [ 0.25, 0, 0.75, 1 ]
					},
					{ "time": 3.2666, "x": 0, "y": 0 },
					{
						"time": 4.0666,
						"x": 0,
						"y": 2.05,
						"curve": [ 0.25, 0, 0.75, 1 ]
					},
					{
						"time": 4.9333,
						"x": 0,
						"y": 0,
						"curve": [ 0.25, 0, 0.75, 1 ]
					},
					{
						"time": 5.7666,
						"x": 0,
						"y": 2.05,
						"curve": [ 0.25, 0, 0.75, 1 ]
					},
					{ "time": 6.5333, "x": 0, "y": 0 }
				]
			},
			"body": {
				"translate": [
					{
						"time": 0,
						"x": 0,
						"y": 0,
						"curve": [ 0.25, 0, 0.75, 1 ]
					},
					{
						"time": 1.5,
						"x": 0,
						"y": -4.78,
						"curve": [ 0.25, 0, 0.75, 1 ]
					},
					{ "time": 3.2666, "x": 0, "y": 0 },
					{
						"time": 4.7666,
						"x": 0,
						"y": -4.78,
						"curve": [ 0.25, 0, 0.75, 1 ]
					},
					{ "time": 6.5333, "x": 0, "y": 0 }
				]
			},
			"wingright": {
				"rotate": [
					{
						"time": 0,
						"angle": 0,
						"curve": [ 0.25, 0, 0.75, 1 ]
					},
					{
						"time": 0.4666,
						"angle": 6.61,
						"curve": [ 0.25, 0, 0.75, 1 ]
					},
					{
						"time": 0.9666,
						"angle": 0,
						"curve": [ 0.25, 0, 0.75, 1 ]
					},
					{
						"time": 1.4666,
						"angle": 6.61,
						"curve": [ 0.25, 0, 0.75, 1 ]
					},
					{
						"time": 2,
						"angle": 0,
						"curve": [ 0.25, 0, 0.75, 1 ]
					},
					{
						"time": 2.5666,
						"angle": 6.61,
						"curve": [ 0.25, 0, 0.75, 1 ]
					},
					{ "time": 3.2666, "angle": 0 },
					{
						"time": 3.7333,
						"angle": 6.61,
						"curve": [ 0.25, 0, 0.75, 1 ]
					},
					{
						"time": 4.2333,
						"angle": 0,
						"curve": [ 0.25, 0, 0.75, 1 ]
					},
					{
						"time": 4.7333,
						"angle": 6.61,
						"curve": [ 0.25, 0, 0.75, 1 ]
					},
					{
						"time": 5.2666,
						"angle": 0,
						"curve": [ 0.25, 0, 0.75, 1 ]
					},
					{
						"time": 5.8333,
						"angle": 6.61,
						"curve": [ 0.25, 0, 0.75, 1 ]
					},
					{ "time": 6.5333, "angle": 0 }
				]
			},
			"flap": {
				"rotate": [
					{
						"time": 0,
						"angle": -15.73,
						"curve": [ 0.25, 0, 0.75, 1 ]
					},
					{
						"time": 1.0666,
						"angle": 13.15,
						"curve": [ 0.253, 0, 0.621, 0.47 ]
					},
					{
						"time": 1.5333,
						"angle": 0.55,
						"curve": [ 0.333, 0.33, 0.668, 0.67 ]
					},
					{
						"time": 1.6666,
						"angle": -4.36,
						"curve": [ 0.38, 0.53, 0.744, 1 ]
					},
					{
						"time": 2.1666,
						"angle": 10.44,
						"curve": [ 0.245, 0, 0.634, 0.54 ]
					},
					{ "time": 2.7333, "angle": -15.73, "curve": "stepped" },
					{
						"time": 3.2666,
						"angle": -15.73,
						"curve": [ 0.25, 0, 0.75, 1 ]
					},
					{
						"time": 4.3333,
						"angle": 13.15,
						"curve": [ 0.253, 0, 0.621, 0.47 ]
					},
					{
						"time": 4.8,
						"angle": 0.55,
						"curve": [ 0.333, 0.33, 0.668, 0.67 ]
					},
					{
						"time": 4.9333,
						"angle": -4.36,
						"curve": [ 0.38, 0.53, 0.744, 1 ]
					},
					{
						"time": 5.4333,
						"angle": 10.44,
						"curve": [ 0.245, 0, 0.634, 0.54 ]
					},
					{ "time": 6, "angle": -15.73, "curve": "stepped" },
					{ "time": 6.5333, "angle": -15.73 }
				]
			},
			"wingleft": {
				"rotate": [
					{
						"time": 0,
						"angle": 0,
						"curve": [ 0.25, 0, 0.75, 1 ]
					},
					{
						"time": 0.4666,
						"angle": -6.46,
						"curve": [ 0.25, 0, 0.75, 1 ]
					},
					{
						"time": 0.9666,
						"angle": 0,
						"curve": [ 0.25, 0, 0.75, 1 ]
					},
					{
						"time": 1.4666,
						"angle": -6.46,
						"curve": [ 0.25, 0, 0.75, 1 ]
					},
					{
						"time": 2,
						"angle": 0,
						"curve": [ 0.25, 0, 0.75, 1 ]
					},
					{
						"time": 2.5666,
						"angle": -6.46,
						"curve": [ 0.25, 0, 0.75, 1 ]
					},
					{ "time": 3.2666, "angle": 0 },
					{
						"time": 3.7333,
						"angle": -6.46,
						"curve": [ 0.25, 0, 0.75, 1 ]
					},
					{
						"time": 4.2333,
						"angle": 0,
						"curve": [ 0.25, 0, 0.75, 1 ]
					},
					{
						"time": 4.7333,
						"angle": -6.46,
						"curve": [ 0.25, 0, 0.75, 1 ]
					},
					{
						"time": 5.2666,
						"angle": 0,
						"curve": [ 0.25, 0, 0.75, 1 ]
					},
					{
						"time": 5.8333,
						"angle": -6.46,
						"curve": [ 0.25, 0, 0.75, 1 ]
					},
					{ "time": 6.5333, "angle": 0 }
				]
			},
			"shoulder": {
				"rotate": [
					{ "time": 0, "angle": 0, "curve": "stepped" },
					{ "time": 3.2666, "angle": 0, "curve": "stepped" },
					{ "time": 6.5333, "angle": 0 }
				]
			},
			"bone2": {
				"rotate": [
					{ "time": 0, "angle": 0 },
					{ "time": 1.0666, "angle": -4.58 },
					{ "time": 1.5333, "angle": -13.23 },
					{ "time": 2.1666, "angle": -35.09 },
					{ "time": 3, "angle": 0, "curve": "stepped" },
					{ "time": 3.2666, "angle": 0 },
					{ "time": 4.3333, "angle": -4.58 },
					{ "time": 4.8, "angle": -13.23 },
					{ "time": 5.4333, "angle": -35.09 },
					{ "time": 6.2666, "angle": 0, "curve": "stepped" },
					{ "time": 6.5333, "angle": 0 }
				]
			},
			"bone3": {
				"rotate": [
					{
						"time": 0,
						"angle": 0,
						"curve": [ 0.242, 0, 0.657, 0.63 ]
					},
					{
						"time": 1.0666,
						"angle": -7.69,
						"curve": [ 0.381, 0.58, 0.729, 1 ]
					},
					{
						"time": 1.5333,
						"angle": 21.87,
						"curve": [ 0.261, 0, 0.617, 0.44 ]
					},
					{
						"time": 2.1666,
						"angle": -16.94,
						"curve": [ 0.357, 0.42, 0.756, 1 ]
					},
					{ "time": 3, "angle": 0, "curve": "stepped" },
					{
						"time": 3.2666,
						"angle": 0,
						"curve": [ 0.242, 0, 0.657, 0.63 ]
					},
					{
						"time": 4.3333,
						"angle": -7.69,
						"curve": [ 0.381, 0.58, 0.729, 1 ]
					},
					{
						"time": 4.8,
						"angle": 21.87,
						"curve": [ 0.261, 0, 0.617, 0.44 ]
					},
					{
						"time": 5.4333,
						"angle": -16.94,
						"curve": [ 0.357, 0.42, 0.756, 1 ]
					},
					{ "time": 6.2666, "angle": 0, "curve": "stepped" },
					{ "time": 6.5333, "angle": 0 }
				]
			},
			"legright": {
				"scale": [
					{
						"time": 0,
						"x": 1,
						"y": 1,
						"curve": [ 0.25, 0, 0.75, 1 ]
					},
					{
						"time": 1.5,
						"x": 0.94,
						"y": 1,
						"curve": [ 0.25, 0, 0.75, 1 ]
					},
					{ "time": 3.2666, "x": 1, "y": 1 },
					{
						"time": 4.7666,
						"x": 0.94,
						"y": 1,
						"curve": [ 0.25, 0, 0.75, 1 ]
					},
					{ "time": 6.5333, "x": 1, "y": 1 }
				]
			},
			"legleft": {
				"scale": [
					{
						"time": 0,
						"x": 1,
						"y": 1,
						"curve": [ 0.25, 0, 0.75, 1 ]
					},
					{
						"time": 1.5,
						"x": 0.94,
						"y": 1,
						"curve": [ 0.25, 0, 0.75, 1 ]
					},
					{ "time": 3.2666, "x": 1, "y": 1 },
					{
						"time": 4.7666,
						"x": 0.94,
						"y": 1,
						"curve": [ 0.25, 0, 0.75, 1 ]
					},
					{ "time": 6.5333, "x": 1, "y": 1 }
				]
			},
			"bone4": {
				"rotate": [
					{ "time": 0, "angle": 0 },
					{ "time": 1.0666, "angle": -35.8 },
					{ "time": 1.5333, "angle": -33.79 },
					{ "time": 2.1666, "angle": -38.2 },
					{ "time": 3, "angle": 0, "curve": "stepped" },
					{ "time": 3.2666, "angle": 0 },
					{ "time": 4.3333, "angle": -35.8 },
					{ "time": 4.8, "angle": -33.79 },
					{ "time": 5.4333, "angle": -38.2 },
					{ "time": 6.2666, "angle": 0, "curve": "stepped" },
					{ "time": 6.5333, "angle": 0 }
				]
			},
			"bone": {
				"rotate": [
					{ "time": 0, "angle": 0, "curve": "stepped" },
					{ "time": 1.5333, "angle": 0 },
					{ "time": 2.1666, "angle": 30.51 },
					{ "time": 3.2666, "angle": 0, "curve": "stepped" },
					{ "time": 4.8, "angle": 0 },
					{ "time": 5.4333, "angle": 30.51 },
					{ "time": 6.5333, "angle": 0 }
				]
			},
			"righthand": {
				"translate": [
					{
						"time": 0,
						"x": -25.07,
						"y": -50.25,
						"curve": [ 0.25, 0, 0.75, 1 ]
					},
					{
						"time": 1.6333,
						"x": -16.55,
						"y": 21.66,
						"curve": [ 0.25, 0, 0.75, 1 ]
					},
					{
						"time": 3.2666,
						"x": -21.46,
						"y": 16.01,
						"curve": [ 0.25, 0, 0.75, 1 ]
					},
					{
						"time": 4.9,
						"x": -4.5,
						"y": 46.97,
						"curve": [ 0.25, 0, 0.75, 1 ]
					},
					{ "time": 6.5333, "x": -25.07, "y": -50.25 }
				]
			},
			"armleft": {
				"rotate": [
					{ "time": 0, "angle": 0 },
					{ "time": 1.1, "angle": 50.78 },
					{ "time": 2, "angle": -303.33 },
					{ "time": 3.2666, "angle": 10.9 },
					{ "time": 4.2, "angle": -303.33 },
					{ "time": 4.7666, "angle": 50.78 },
					{ "time": 5.2666, "angle": -303.33 },
					{ "time": 6.5333, "angle": 0 }
				]
			}
		}
	},
	"animation": {
		"bones": {
			"head": {
				"rotate": [
					{
						"time": 0,
						"angle": 0,
						"curve": [ 0.25, 0, 0.75, 1 ]
					},
					{
						"time": 1.6666,
						"angle": -15.7,
						"curve": [ 0.25, 0, 0.75, 1 ]
					},
					{ "time": 3.2666, "angle": 0 }
				],
				"translate": [
					{
						"time": 0,
						"x": 0,
						"y": 0,
						"curve": [ 0.25, 0, 0.75, 1 ]
					},
					{
						"time": 0.8,
						"x": 0,
						"y": 2.05,
						"curve": [ 0.25, 0, 0.75, 1 ]
					},
					{
						"time": 1.6666,
						"x": 0,
						"y": 0,
						"curve": [ 0.25, 0, 0.75, 1 ]
					},
					{
						"time": 2.5,
						"x": 0,
						"y": 2.05,
						"curve": [ 0.25, 0, 0.75, 1 ]
					},
					{ "time": 3.2666, "x": 0, "y": 0 }
				]
			},
			"armright": {
				"rotate": [
					{
						"time": 0,
						"angle": 0,
						"curve": [ 0.25, 0, 0.75, 1 ]
					},
					{
						"time": 0.3333,
						"angle": 24.48,
						"curve": [ 0.25, 0, 0.75, 1 ]
					},
					{
						"time": 0.6666,
						"angle": 0,
						"curve": [ 0.25, 0, 0.75, 1 ]
					},
					{
						"time": 1,
						"angle": 24.48,
						"curve": [ 0.25, 0, 0.75, 1 ]
					},
					{
						"time": 1.3333,
						"angle": 0,
						"curve": [ 0.25, 0, 0.75, 1 ]
					},
					{
						"time": 1.6666,
						"angle": 24.48,
						"curve": [ 0.25, 0, 0.75, 1 ]
					},
					{
						"time": 2.1666,
						"angle": 0,
						"curve": [ 0.25, 0, 0.75, 1 ]
					},
					{
						"time": 2.5666,
						"angle": 24.48,
						"curve": [ 0.25, 0, 0.75, 1 ]
					},
					{ "time": 3.2666, "angle": 0 }
				]
			},
			"armleft": {
				"rotate": [
					{
						"time": 0,
						"angle": 0,
						"curve": [ 0.25, 0, 0.75, 1 ]
					},
					{
						"time": 0.3333,
						"angle": 24.48,
						"curve": [ 0.25, 0, 0.75, 1 ]
					},
					{
						"time": 0.7666,
						"angle": 0,
						"curve": [ 0.25, 0, 0.75, 1 ]
					},
					{
						"time": 1.2333,
						"angle": 24.48,
						"curve": [ 0.25, 0, 0.75, 1 ]
					},
					{
						"time": 1.6666,
						"angle": 0,
						"curve": [ 0.25, 0, 0.75, 1 ]
					},
					{
						"time": 2.0666,
						"angle": 24.48,
						"curve": [ 0.25, 0, 0.75, 1 ]
					},
					{
						"time": 2.5,
						"angle": 0,
						"curve": [ 0.25, 0, 0.75, 1 ]
					},
					{
						"time": 2.9333,
						"angle": 24.48,
						"curve": [ 0.25, 0, 0.75, 1 ]
					},
					{ "time": 3.2666, "angle": 0 }
				]
			},
			"body": {
				"translate": [
					{
						"time": 0,
						"x": 0,
						"y": 0,
						"curve": [ 0.25, 0, 0.75, 1 ]
					},
					{
						"time": 0.5,
						"x": 0,
						"y": -4.78,
						"curve": [ 0.25, 0, 0.75, 1 ]
					},
					{
						"time": 1,
						"x": 0,
						"y": 0,
						"curve": [ 0.25, 0, 0.75, 1 ]
					},
					{
						"time": 1.5,
						"x": 0,
						"y": -4.78,
						"curve": [ 0.25, 0, 0.75, 1 ]
					},
					{
						"time": 2.0333,
						"x": 0,
						"y": 0,
						"curve": [ 0.25, 0, 0.75, 1 ]
					},
					{
						"time": 2.6,
						"x": 0,
						"y": -4.78,
						"curve": [ 0.25, 0, 0.75, 1 ]
					},
					{ "time": 3.2666, "x": 0, "y": 0 }
				]
			},
			"wingright": {
				"rotate": [
					{
						"time": 0,
						"angle": 0,
						"curve": [ 0.25, 0, 0.75, 1 ]
					},
					{
						"time": 0.4666,
						"angle": 6.61,
						"curve": [ 0.25, 0, 0.75, 1 ]
					},
					{
						"time": 0.9666,
						"angle": 0,
						"curve": [ 0.25, 0, 0.75, 1 ]
					},
					{
						"time": 1.4666,
						"angle": 6.61,
						"curve": [ 0.25, 0, 0.75, 1 ]
					},
					{
						"time": 2,
						"angle": 0,
						"curve": [ 0.25, 0, 0.75, 1 ]
					},
					{
						"time": 2.5666,
						"angle": 6.61,
						"curve": [ 0.25, 0, 0.75, 1 ]
					},
					{ "time": 3.2666, "angle": 0 }
				]
			},
			"flap": {
				"rotate": [
					{
						"time": 0,
						"angle": -15.73,
						"curve": [ 0.25, 0, 0.75, 1 ]
					},
					{
						"time": 1.0666,
						"angle": 13.15,
						"curve": [ 0.253, 0, 0.621, 0.47 ]
					},
					{
						"time": 1.5333,
						"angle": 0.55,
						"curve": [ 0.333, 0.33, 0.668, 0.67 ]
					},
					{
						"time": 1.6666,
						"angle": -4.36,
						"curve": [ 0.38, 0.53, 0.744, 1 ]
					},
					{
						"time": 2.1666,
						"angle": 10.44,
						"curve": [ 0.245, 0, 0.634, 0.54 ]
					},
					{ "time": 2.7333, "angle": -15.73, "curve": "stepped" },
					{ "time": 3.2666, "angle": -15.73 }
				]
			},
			"wingleft": {
				"rotate": [
					{
						"time": 0,
						"angle": 0,
						"curve": [ 0.25, 0, 0.75, 1 ]
					},
					{
						"time": 0.4666,
						"angle": -6.46,
						"curve": [ 0.25, 0, 0.75, 1 ]
					},
					{
						"time": 0.9666,
						"angle": 0,
						"curve": [ 0.25, 0, 0.75, 1 ]
					},
					{
						"time": 1.4666,
						"angle": -6.46,
						"curve": [ 0.25, 0, 0.75, 1 ]
					},
					{
						"time": 2,
						"angle": 0,
						"curve": [ 0.25, 0, 0.75, 1 ]
					},
					{
						"time": 2.5666,
						"angle": -6.46,
						"curve": [ 0.25, 0, 0.75, 1 ]
					},
					{ "time": 3.2666, "angle": 0 }
				]
			},
			"shoulder": {
				"rotate": [
					{ "time": 0, "angle": 0, "curve": "stepped" },
					{ "time": 3.2666, "angle": 0 }
				]
			},
			"righthand": {
				"translate": [
					{ "time": 0, "x": 0, "y": 0 },
					{ "time": 0.3333, "x": 0, "y": 34.89 },
					{ "time": 0.7, "x": 7.99, "y": -6.72 },
					{ "time": 1.1, "x": -13.33, "y": 60.74 },
					{ "time": 1.1666, "x": -16.89, "y": 71.99 },
					{ "time": 1.5666, "x": 2.48, "y": -21.53 },
					{ "time": 2, "x": -0.52, "y": 16.17 },
					{ "time": 2.4333, "x": 1.84, "y": -20.3 },
					{ "time": 2.7333, "x": 6.64, "y": 21.7 },
					{ "time": 3.2666, "x": 0, "y": 0 }
				]
			},
			"bone2": {
				"rotate": [
					{ "time": 0, "angle": 0 },
					{ "time": 1.0666, "angle": -4.58 },
					{ "time": 1.5333, "angle": -13.23 },
					{ "time": 2.1666, "angle": -35.09 },
					{ "time": 3, "angle": 0, "curve": "stepped" },
					{ "time": 3.2666, "angle": 0 }
				]
			},
			"bone3": {
				"rotate": [
					{
						"time": 0,
						"angle": 0,
						"curve": [ 0.242, 0, 0.657, 0.63 ]
					},
					{
						"time": 1.0666,
						"angle": -7.69,
						"curve": [ 0.381, 0.58, 0.729, 1 ]
					},
					{
						"time": 1.5333,
						"angle": 21.87,
						"curve": [ 0.261, 0, 0.617, 0.44 ]
					},
					{
						"time": 2.1666,
						"angle": -16.94,
						"curve": [ 0.357, 0.42, 0.756, 1 ]
					},
					{ "time": 3, "angle": 0, "curve": "stepped" },
					{ "time": 3.2666, "angle": 0 }
				]
			},
			"legright": {
				"scale": [
					{
						"time": 0,
						"x": 1,
						"y": 1,
						"curve": [ 0.25, 0, 0.75, 1 ]
					},
					{
						"time": 0.5,
						"x": 0.94,
						"y": 1,
						"curve": [ 0.25, 0, 0.75, 1 ]
					},
					{
						"time": 1,
						"x": 1,
						"y": 1,
						"curve": [ 0.25, 0, 0.75, 1 ]
					},
					{
						"time": 1.5,
						"x": 0.94,
						"y": 1,
						"curve": [ 0.25, 0, 0.75, 1 ]
					},
					{
						"time": 2.0333,
						"x": 1,
						"y": 1,
						"curve": [ 0.25, 0, 0.75, 1 ]
					},
					{
						"time": 2.6,
						"x": 0.94,
						"y": 1,
						"curve": [ 0.25, 0, 0.75, 1 ]
					},
					{ "time": 3.2666, "x": 1, "y": 1 }
				]
			},
			"legleft": {
				"scale": [
					{
						"time": 0,
						"x": 1,
						"y": 1,
						"curve": [ 0.25, 0, 0.75, 1 ]
					},
					{
						"time": 0.5,
						"x": 0.94,
						"y": 1,
						"curve": [ 0.25, 0, 0.75, 1 ]
					},
					{
						"time": 1,
						"x": 1,
						"y": 1,
						"curve": [ 0.25, 0, 0.75, 1 ]
					},
					{
						"time": 1.5,
						"x": 0.94,
						"y": 1,
						"curve": [ 0.25, 0, 0.75, 1 ]
					},
					{
						"time": 2.0333,
						"x": 1,
						"y": 1,
						"curve": [ 0.25, 0, 0.75, 1 ]
					},
					{
						"time": 2.6,
						"x": 0.94,
						"y": 1,
						"curve": [ 0.25, 0, 0.75, 1 ]
					},
					{ "time": 3.2666, "x": 1, "y": 1 }
				]
			},
			"bone4": {
				"rotate": [
					{ "time": 0, "angle": 0 },
					{ "time": 1.0666, "angle": -35.8 },
					{ "time": 1.5333, "angle": -33.79 },
					{ "time": 2.1666, "angle": -38.2 },
					{ "time": 3, "angle": 0, "curve": "stepped" },
					{ "time": 3.2666, "angle": 0 }
				]
			},
			"bone": {
				"rotate": [
					{ "time": 0, "angle": 0, "curve": "stepped" },
					{ "time": 1.5333, "angle": 0 },
					{ "time": 2.1666, "angle": 30.51 },
					{ "time": 3.2666, "angle": 0 }
				]
			},
			"tailbone2": {
				"rotate": [
					{
						"time": 0,
						"angle": 0,
						"curve": [ 0.25, 0, 0.75, 1 ]
					},
					{
						"time": 0.5,
						"angle": 9.33,
						"curve": [ 0.25, 0, 0.75, 1 ]
					},
					{
						"time": 1,
						"angle": 0,
						"curve": [ 0.25, 0, 0.75, 1 ]
					},
					{
						"time": 1.5,
						"angle": 9.33,
						"curve": [ 0.25, 0, 0.75, 1 ]
					},
					{
						"time": 2,
						"angle": 0,
						"curve": [ 0.25, 0, 0.75, 1 ]
					},
					{
						"time": 2.5,
						"angle": 9.33,
						"curve": [ 0.25, 0, 0.75, 1 ]
					},
					{ "time": 3.2666, "angle": 0 }
				],
				"translate": [
					{
						"time": 0,
						"x": 0,
						"y": 0,
						"curve": [ 0.25, 0, 0.75, 1 ]
					},
					{
						"time": 0.4333,
						"x": 0,
						"y": 3,
						"curve": [ 0.25, 0, 0.75, 1 ]
					},
					{
						"time": 0.9333,
						"x": 0,
						"y": 0,
						"curve": [ 0.25, 0, 0.75, 1 ]
					},
					{
						"time": 1.5666,
						"x": 0,
						"y": 3,
						"curve": [ 0.25, 0, 0.75, 1 ]
					},
					{
						"time": 2.0333,
						"x": 0,
						"y": 0,
						"curve": [ 0.25, 0, 0.75, 1 ]
					},
					{
						"time": 2.5666,
						"x": 0,
						"y": 3,
						"curve": [ 0.25, 0, 0.75, 1 ]
					},
					{ "time": 3.2666, "x": 0, "y": 0 }
				]
			},
			"tailbone3": {
				"translate": [
					{
						"time": 0,
						"x": 0,
						"y": 0,
						"curve": [ 0.25, 0, 0.75, 1 ]
					},
					{
						"time": 0.5,
						"x": 0,
						"y": 1.68,
						"curve": [ 0.25, 0, 0.75, 1 ]
					},
					{
						"time": 1,
						"x": 0,
						"y": 0,
						"curve": [ 0.25, 0, 0.75, 1 ]
					},
					{
						"time": 1.5,
						"x": 0,
						"y": 1.68,
						"curve": [ 0.25, 0, 0.75, 1 ]
					},
					{
						"time": 2,
						"x": 0,
						"y": 0,
						"curve": [ 0.25, 0, 0.75, 1 ]
					},
					{
						"time": 2.5,
						"x": 0,
						"y": 1.68,
						"curve": [ 0.25, 0, 0.75, 1 ]
					},
					{ "time": 3.2666, "x": 0, "y": 0 }
				]
			}
		}
	}
}
}